"Variable / Field Name","Form Name","Section Header","Field Type","Field Label","Choices, Calculations, OR Slider Labels","Field Note","Text Validation Type OR Show Slider Number","Text Validation Min","Text Validation Max",Identifier?,"Branching Logic (Show field only if...)","Required Field?","Custom Alignment","Question Number (surveys only)","Matrix Group Name","Matrix Ranking?","Field Annotation"
start,slot,"Appointment Details
(define ahead of time and upload)",text,"Start Time/Date",,,datetime_seconds_ymd,,,,,,,,,,
end,slot,,text,"End Time/Date",,,datetime_seconds_ymd,,,,,,,,,,
instructor,slot,,text,instructor,,,,,,,,,,,,,
location,slot,,text,Location,,,,,,,,,,,,,
attending_options,slot,,dropdown,"Attending Options","0, Campus and Online | 1, Online Only | 2, Campus Only",,,,,,,,,,,,
notes,slot,,text,Notes,,,,,,,,,,,,,
log,slot,,notes,Log,,,,,,,,,LV,,,,
number_of_participants,slot,,text,"Number of Participants",,,,,,,,,,,,,
slot_status,slot,,text,"Slot Status",,,,,,,,,,,,,
